Workbook

Sheet 使用说明
A1: 项目开发进度表 · 通用模板
A3: 本表适用于「任务卡驱动」开发流程：一张任务卡 = 一行进度。换项目时按下述步骤改造即可直接使用。
A5: 【换项目 5 步】
A6: 1. 在「开发进度表」中删除旧任务行，粘贴/填写新项目的任务卡（A–C 列：阶段/卡号/任务名称），开发状态列会自动带下拉框。
A7: 2. 「开发状态」下拉与变色已预置到第 500 行，增加行数无需任何设置。
A8: 3. 到「进度统计」表，把阶段进度区的 A 列阶段名改成新项目的阶段名，统计公式自动生效（按阶段名匹配）。
A9: 4. 阶段数不同：在阶段进度区插入/删除行，并把相邻行的公式整行复制过去即可；多余行删除。
A10: 5. 若任务总数变化，无需改公式——占比按「卡号列非空行数」自动计算。
A12: 【状态流转口径】
A13: 未开发 → 开发中（任务卡已发给开发/AI）→ 已开发（代码完成、验收测试全绿）→ 已测试（人工验收逐条通过、已提交）
A15: 【注意事项】
A16: · 新增行后如筛选范围不对，请重新点一次「数据 → 筛选」。
... A18: · 「进度统计」页无需手改任何数字，全部由公式驱动。

Sheet 开发进度表
A1: 阶段 | B1: 卡号 | C1: 任务名称 | D1: 开发状态 | E1: 备注
A2: P0 环境基建 | B2: T01 | C2: 工程初始化与环境约定（conda Python3.10 / pyproject·uv / 依赖安装） | D2: 已测试 | E2: conda create -n medical-rag python=3.10；实际运行环境为 .conda/envs/RAG（Py3.11），base 缺 langchain_huggingface 不可用作运行环境
A3: P0 环境基建 | B3: T02 | C3: 后端 FastAPI 框架与配置（main.py / config.py / .env / 健康检查） | D3: 已测试 | E3: /api/health 探活正常
A4: P0 环境基建 | B4: T03 | C4: MySQL 数据库建模与初始化（utf8mb4 + init_db 建表） | D4: 已测试 | E4: 字符集 utf8mb4_unicode_ci
A5: P0 环境基建 | B5: T04 | C5: Milvus 向量库部署（docker-compose：etcd/MinIO/Milvus + 健康检查） | D5: 已测试 | E5: 9091/healthz 就绪
A6: P0 环境基建 | B6: T05 | C6: 前端 Vite/React 工程与 /api 代理 | D6: 已测试 | E6: 移除干扰 SSE 的 configure 回调
A7: P0 环境基建 | B7: T06 | C7: 工程安全与版本库卫生（密钥密码入 .env、.gitignore 排大文件、.env.example 补全） | D7: 已测试 | E7: backend/data 与语料目录不入库；已复核源码无明文密码残留
A8: P1 数据工程 | B8: T07 | C8: 原始医疗数据清洗（clean_data.py：按科室拆分、去重合并） | D8: 已测试 | E8: 数据存 backend/data/by_department/
A9: P1 数据工程 | B9: T08 | C9: 数据格式桥梁修复（data_loader.py 加载清洗 JSON、字段映射） | D9: 已测试 | E9: instruction→title 等映射；扩展名/大小改读 settings
A10: P1 数据工程 | B10: T09 | C10: 文档切分与预处理（text_split.py） | D10: 已测试 | E10: 内置切分+embedding；已实现但 ingest 未调用，见 T13
A11: P1 数据工程 | B11: T10 | C11: 向量化入库（ingest.py→Milvus，bge-large-zh-v1.5 全量 60.5 万） | D11: 已测试 | E11: GPU fp16 可加速，先 --limit 小批验证
A12: P1 数据工程 | B12: T11 | C12: BM25 索引构建与启动预热（gen_bm25_cache + lifespan 预热） | D12: 已测试 | E12: k=20 与检索参数一致；09-12 起改 Milvus 服务端 BM25 Function，客户端 pkl 与 gen_bm25_cache.py 已废弃
... A55: P5 部署收尾 | B55: T54 | C55: GitHub 发布上传 | D55: 开发中 | E55: .gitignore 已排除 .dumate；需先完成 T51

Sheet 进度统计
A1: 整体进度（自动统计，随「开发进度表」状态列实时更新，无需手改）
A3: 状态 | B3: 数量 | C3: 占比
A4: 未开发 | B4: ==COUNTIF(开发进度表!D:D,A4) -> 11 | C4: ==TEXT(COUNTIF(开发进度表!D:D,A4)/MAX(1,COUNTA(开发进度表!B:B)-1),"0.0%") -> 20.4%
A5: 开发中 | B5: ==COUNTIF(开发进度表!D:D,A5) -> 2 | C5: ==TEXT(COUNTIF(开发进度表!D:D,A5)/MAX(1,COUNTA(开发进度表!B:B)-1),"0.0%") -> 3.7%
A6: 已开发 | B6: ==COUNTIF(开发进度表!D:D,A6) -> 12 | C6: ==TEXT(COUNTIF(开发进度表!D:D,A6)/MAX(1,COUNTA(开发进度表!B:B)-1),"0.0%") -> 22.2%
A7: 已测试 | B7: ==COUNTIF(开发进度表!D:D,A7) -> 29 | C7: ==TEXT(COUNTIF(开发进度表!D:D,A7)/MAX(1,COUNTA(开发进度表!B:B)-1),"0.0%") -> 53.7%
A8: 合计 | B8: ==SUM(B4:B7) -> 54 | C8: ==TEXT(B8/MAX(1,COUNTA(开发进度表!B:B)-1),"0.0%") -> 100.0%
A10: 阶段进度（换项目：改 A 列阶段名即可；阶段数不同则插入/删除行并整行复制公式）
A11: 阶段 | B11: 任务卡范围 | C11: 卡数 | D11: 已测试 | E11: 已开发 | F11: 开发中 | G11: 未开发 | H11: 完成率(已测试)
A12: P0 环境基建 | B12: T01–T06 | C12: ==COUNTIF(开发进度表!A:A,A12) -> 6 | D12: ==COUNTIFS(开发进度表!A:A,A12,开发进度表!D:D,"已测试") -> 6 | E12: ==COUNTIFS(开发进度表!A:A,A12,开发进度表!D:D,"已开发") -> 0 | F12: ==COUNTIFS(开发进度表!A:A,A12,开发进度表!D:D,"开发中") -> 0 | G12: ==COUNTIFS(开发进度表!A:A,A12,开发进度表!D:D,"未开发") -> 0 | H12: ==TEXT(D12/MAX(1,C12),"0.0%") -> 100.0%
A13: P1 数据工程 | B13: T07–T14 | C13: ==COUNTIF(开发进度表!A:A,A13) -> 8 | D13: ==COUNTIFS(开发进度表!A:A,A13,开发进度表!D:D,"已测试") -> 7 | E13: ==COUNTIFS(开发进度表!A:A,A13,开发进度表!D:D,"已开发") -> 0 | F13: ==COUNTIFS(开发进度表!A:A,A13,开发进度表!D:D,"开发中") -> 0 | G13: ==COUNTIFS(开发进度表!A:A,A13,开发进度表!D:D,"未开发") -> 1 | H13: ==TEXT(D13/MAX(1,C13),"0.0%") -> 87.5%
A14: P2 检索链路 | B14: T15–T25 | C14: ==COUNTIF(开发进度表!A:A,A14) -> 11 | D14: ==COUNTIFS(开发进度表!A:A,A14,开发进度表!D:D,"已测试") -> 6 | E14: ==COUNTIFS(开发进度表!A:A,A14,开发进度表!D:D,"已开发") -> 4 | F14: ==COUNTIFS(开发进度表!A:A,A14,开发进度表!D:D,"开发中") -> 0 | G14: ==COUNTIFS(开发进度表!A:A,A14,开发进度表!D:D,"未开发") -> 1 | H14: ==TEXT(D14/MAX(1,C14),"0.0%") -> 54.5%
A15: P3 生成对话 | B15: T26–T37 | C15: ==COUNTIF(开发进度表!A:A,A15) -> 12 | D15: ==COUNTIFS(开发进度表!A:A,A15,开发进度表!D:D,"已测试") -> 7 | E15: ==COUNTIFS(开发进度表!A:A,A15,开发进度表!D:D,"已开发") -> 4 | F15: ==COUNTIFS(开发进度表!A:A,A15,开发进度表!D:D,"开发中") -> 0 | G15: ==COUNTIFS(开发进度表!A:A,A15,开发进度表!D:D,"未开发") -> 1 | H15: ==TEXT(D15/MAX(1,C15),"0.0%") -> 58.3%
A16: P4 评估调优 | B16: T38–T47 | C16: ==COUNTIF(开发进度表!A:A,A16) -> 10 | D16: ==COUNTIFS(开发进度表!A:A,A16,开发进度表!D:D,"已测试") -> 3 | E16: ==COUNTIFS(开发进度表!A:A,A16,开发进度表!D:D,"已开发") -> 3 | F16: ==COUNTIFS(开发进度表!A:A,A16,开发进度表!D:D,"开发中") -> 0 | G16: ==COUNTIFS(开发进度表!A:A,A16,开发进度表!D:D,"未开发") -> 4 | H16: ==TEXT(D16/MAX(1,C16),"0.0%") -> 30.0%
A17: P5 部署收尾 | B17: T48–T54 | C17: ==COUNTIF(开发进度表!A:A,A17) -> 7 | D17: ==COUNTIFS(开发进度表!A:A,A17,开发进度表!D:D,"已测试") -> 0 | E17: ==COUNTIFS(开发进度表!A:A,A17,开发进度表!D:D,"已开发") -> 1 | F17: ==COUNTIFS(开发进度表!A:A,A17,开发进度表!D:D,"开发中") -> 2 | G17: ==COUNTIFS(开发进度表!A:A,A17,开发进度表!D:D,"未开发") -> 4 | H17: ==TEXT(D17/MAX(1,C17),"0.0%") -> 0.0%

Sheet 状态说明
A1: 状态 | B1: 判定标准 | C1: 对应流程动作
A2: 未开发 | B2: 任务卡尚未开始 | C2: 按依赖顺序从最早未完成卡开始，一次只发一张卡
A3: 开发中 | B3: 任务卡已发出，正在实现 | C3: 实现本卡范围 + 编写本卡全部验收测试场景
A4: 已开发 | B4: 代码完成，本卡验收测试全部通过，人工验收未做 | C4: 已执行固定收尾（typecheck/lint/test/build + commit），等待人工跑验收命令
A5: 已测试 | B5: 人工验收逐条通过，git commit 完成 | C5: 该卡关闭，可开下一张卡；里程碑卡记得打 tag
